    [
    {
        "title": "Software Engineer",
        "company_profile": "We are hiring!",
        "description": "Develop software...",
        "requirements": "Python, Django",
        "benefits": "Health insurance",
        "employment_type": "Full-time",
        "required_experience": "Mid-Senior level",
        "required_education": "Bachelor's Degree",
        "industry": "Tech",
        "function": "Engineering",
        "telecommuting": 0,
        "has_company_logo": 1,
        "has_questions": 0
    }
    ]
